Movie,Genres,Review_Text,Rating,annotator_1,annotator_2,annotator_3,ground_truth
Civil War,"Adventure, Action, Science Fiction","**The heroes're divided and so the fans!**  Before watching this I thought what the Avengers are doing here. I believed they got the title wrong. Once I watched it, I'm still the same. Because it did not look like the Captain America's film, he never was dominated, so calling it as his film totally inappropriate. Technically, it is a third Avengers film and well done. I liked it, it was entertaining. But the Civil War means it's nothing a nation's war within, just these super-guys fight for themselves against what kind of administration they want to come under.  I think they have heard that people's complaint about blowing up the buildings during reviewing other films by bringing up this one. So they finger pointed those events in this narration and that is one of the reasons for the Civil War to take place. Particularly disturbing the public and loss of many lives when these powerful men fighting the bad guys. The fun part is they are off the street and had a most important confrontation of the film in a deserted airfield. So does it make people who were whining about that be happy?  I don't know, but as an entertaining film, it did everything it can give the best for the viewers. Like the title and posters reveal, the heroes are divided here and probably you're going to take a side. Like usual, I'm with the Stark. So if you're like me, then you would feel the annoyance with the opposite team, particularly like Antman and obviously Captain America's rebellious decision. It was like the world versus United States, because only Americans are behind Captain America. Anyway, I did not like dividing the fans and what this film has been a serious damage. I hope the fans won't take it seriously.  _8/10_",8.0,positive,neutral,positive,positive
Civil War,"Adventure, Action, Science Fiction","Recently I have quite liked the Marvel movies that I have watched. Sadly I did not like this movie at all. The only reason that it does not get a zero or one star rating is cool special effects and a few laughs.  I want my heroes to be just that, heroes. Unfortunately this movie gets off on the wrong foot right away by not only “incriminating” the Avengers in the eyes of dimwit politicians and putting them on surveillance of a political body but to make matters worse it is the useless black hole of taxpayers money, the United Nations, that are supposed to surveil them. That pretty much ruined the movie right away for me.  When I though that it could not get any worse it actually does. In true Hollywood fashion the Avengers start to bicker and fight among themselves.  The few redeeming qualities of this movie is great special effects and a few fun comments that made me laugh from time to time. Even the ending is pretty crappy with the Avengers remaining divided and the main bad guy feeling that he achieved what he wanted.  Technically there is not really anything wrong with the movie. The actors are good, the filming is good and, as I wrote, the special effects are great. The story however is not my cup of tea to put it mildly. I cannot express how much I despised the story in this movie.",4.0,negative,negative,negative,negative
Civil War,"Adventure, Action, Science Fiction","Good movie, love Captain American.",9.0,positive,positive,positive,positive
Civil War,"Adventure, Action, Science Fiction","<b>A long form review originally posted in 2016</b>  It’s commonplace for me to need more than one viewing to really nail down my feelings on a movie, that’s particularly true of MCU, and even more so of this particular film. That all said, here is my initial reaction to _Captain America: Civil War_.  As is often the case, it’s hard to write down too comprehensive a post about a film this early on while remaining totally spoiler-free, so for starters, I’ll just go ahead and ask the thing that was on my mind from about five minutes in to _Civil War_: I want to know how it is that two guys who have a filmography so firmly rooted in sitcoms of all things, manage to direct action this spectacularly? Honestly. It’s insane.  _Winter Soldier_ is one of the strongest MCU films in my opinion, and just like that felt mostly like a follow up to both the prior _Captain America_ film and the prior _Avengers_ film, _Civil War_ feels the same, but for the sequels to said films (_Winter Soldier_ and _Age of Ultron_). That said, it might lean a little too far on to the side of _Avengers_-sequel, and a little too light on the _Cap_-sequel. If you had to pick a lead here, it would be Steve Rogers, no mistake, but this does feel like a film painted with a very broad brush of characterisation to be solely a “_Captain America_” movie.  Considering the sheer scope of the piece, it’s amazing that the Russo brothers managed to get the ball rolling on _Civil War_ as well as they did. Even so, there are a couple of roles I felt could have been cut altogether without really impacting the story, and that time could perhaps have been used to serve some underrepresented puzzle pieces. Perhaps both the inclusion in places and lack of inclusion in others is because of plans for future MCU films (though certainly not all instances can use that excuse) but either way, if I’m hunting for flaws, that to some degree is one.  I will say, that for all of _Civil War’s_ ups and downs (mostly ups), it is both a worthy entrant into Marvel’s franchise, and perhaps even more importantly, it actually even addresses some of the problems left in _Age of Ultron_. Of course the acting is all above board, the primary action set-piece is just dumbfoundingly fun, and the evolution of the mythology meshes with the universe at large.  _Civil War_ may not be my favourite superhero movie, or even my favourite MCU movie (I mean it also might be, I think I need to give it at least another two watches to be sure) but it might just be the best comic book adaptation movie. By that, I don’t mean it accurately portrayed the events of the Marvel “Civil War” event from back 2006, because that’s not even close to true. What I mean is, there are so many instances that manage capture the spirit of what the comics are. And you almost feel like you are watching one unfold before you on the screen. A glorious, squillion dollar, two and a half hour comic book.  Oh yeah. And the new superheroes introduced in _Civil War_? They’ve got me pretty bloody excited.  79%  -_Gimly_",8.0,positive,positive,positive,positive
Civil War,"Adventure, Action, Science Fiction","The Captain America movies have managed to ground the MCU by exploring the political and social climate created by the Avengers' existence. Actions have consequences and consequences influence more action.  Civil War isn't as focused as The Winter Soldier. It's also overstuffed with characters and fan service. However, the movie works by always being intriguing. Both sides of the conflict are portrayed as equally valid. The exploration of superhero accountability isn't anything new (explored in Watchmen and The Dark Knight), but it's nice to see it incorporated into a grand cinematic universe. Also, Captain Zemo is a better than average villain because while underdeveloped, his motive is interesting and not just ""destroy the world.""  Also, SPIDER-MAN IS FINALLY IN THE MCU!!!! 😁😁😁",7.0,positive,positive,positive,positive
Civil War,"Adventure, Action, Science Fiction","Awesome! My new favourite, so far at least.  What an absolute joy <em>'Captain America: Civil War'</em> is! It made 147 minutes feel like so much less. Great action, enthralling story, sharp humour and some impeccable use of the many, many characters; even introducing two new faces to the MCU. I won't spoil who, but they are massive additions and I love what they give to this.  It gives the perfect amount of screen time to all involved, there is no-one I wanted to see more or less of - it all felt very natural too, big kudos for that. Chris Evans is terrific, this is his best performance as Captain America thus far in my opinion. Robert Downey Jr. continues to impress, as expected.  Sebastian Stan as Bucky also sticks out, I didn't love that character in his preceding appearances but in this I really did connect with his story. Anthony Mackie and Don Cheadle remain good fun, while Daniel Brühl plays his role very nicely. Elsewhere, Paul Rudd's inclusion is amusing.  The whole film, as is normal in these productions, looks stunning. They are incredibly well made. As noted at the top, this is more new favourite from the MCU - surpassing <em>'Captain America: The First Avenger'</em>. I guess there's no hiding who my standout avenger is, eh?  The only 'but' I have for this is the title. It's practically an avengers film. I'm not saying it's an ill-fitting title, I get it's the titular character's arc, but I feel like it does the film a slight disservice - it's impacts much more than Captain America.  That's not a big deal, at all, though. No doubt in my mind: this is superb!",9.0,positive,positive,positive,positive
Civil War,"Adventure, Action, Science Fiction",Wow!!! Is the first thing that comes to mind. Insanely good movie. Plus the introduction of Black Panther.,10.0,positive,positive,positive,positive
Civil War,"Adventure, Action, Science Fiction",Wow!!! Is the first thing that comes to mind. Insanely good movie. Plus the introduction of Black Panther.,10.0,positive,positive,positive,positive
Civil War,"Adventure, Action, Science Fiction","Rewatched for the Once Upon a Franchise podcast. Listen to the full episode here: https://open.spotify.com/episode/6pVTvEv7nAZTHniVUGDwoA?si=e8832adab95b405e  Rating: A+  Captain America: Civil War is the rare blockbuster that earns its massive scale by rooting every explosion in a deeply personal, ideological rift. I find the common complaints regarding its ""grey"" aesthetic to be largely misguided; the desaturated, grounded palette isn't a flaw, but a choice that mirrors the somber, concrete reality of a world where the heroes are no longer sure of their own morality. The Russo Brothers demonstrate a masterful command of an overflowing ensemble, ensuring that even late-game additions like Scott Lang or Clint Barton aren't merely glorified cameos, but essential textures that balance the movie's political weight with a much-needed ""human"" perspective. It's a film that demands to be taken seriously as a political thriller, refusing to offer easy answers to its central conflict of security versus liberty.  At its core, however, the movie succeeds because it understands that the most devastating wars aren't fought over world-ending MacGuffins, but over the ghosts of our parents and the lies we tell to protect them. The evolution of Wanda Maximoff remains a personal highlight; Elizabeth Olsen captures a haunting vulnerability that serves as the film's emotional anchor, turning her fear of her own power into a poignant subtext for the entire Accords debate. And then there is Zemo — a villain who proves that a single grieving man with a plan can be more lethal than an alien army. By the time we reach that claustrophobic, brutal final encounter in the Siberian bunker, the spectacle has stripped away, leaving only the raw, agonizing destruction of a friendship.  It's a haunting, perfectly calibrated tragedy that remains the gold standard for shared-universe storytelling.",10.0,positive,positive,positive,positive
The Avengers,"Science Fiction, Action, Adventure","With a movie like this you wonder how all of the otherwise, main characters will work together and support the story.  No problems here.  While as might be expected, R. Downey Jr. comes across largely central, it is still a good mix and IMHO the best scenes in the movie involve the generated Hulk character.  With that kind of successful melding of characters, Hollywood-scale egos and even computer generated characters; you have to give it up to the writers and director to make this the successful film that it is.",8.0,positive,positive,positive,positive
The Avengers,"Science Fiction, Action, Adventure","**A long format review from 2012**  My new favourite Marvel Cinematic Universe film, undoubtedly! Order goes thusly;  1. The Avengers 2. Iron Man 3. Thor 4. Captain America 5. Iron Man 2 6. The Incredible Hulk  I had the privilege of going to Sydney and watching this almost a full three weeks before it’s American release, in a special advance screening for fans and a handful of critics. I drove up and back on a day trip with my mate HRV, spent over $400 between us… So worth it.  I think perhaps my expectations of The Avengers were too high. In fact I know they were, even so, I feel that it almost managed to meet them. All but two of the fears I had about this epic were quashed without a doubt. I initially was worried about Mark Ruffalo helming the role of The Hulk/Bruce Banner after taking over from Edward Norton who was ousted after his first appearance. My complaints were completely unfounded however, as Mark Ruffalo presents us with an at least as good Marvel Hero.   In terms of entertainment, The Avengers is one of the greatest feats ever produced. At the screening I went to, I actually missed more than a couple of lines due to the fact that the entire bloody cinema was in hysterics from some classic Joss Whedon (Director - Buffy, Angel, Firefly, Dollhouse) humour. The squabbles between these larger than life characters are not quite up to the peak that Jon Favreau’s Iron Man & Iron Man 2 sit on, but in terms of film in general, they are some of the better interactions I’ve ever seen.  The only weak points I really have to whinge about are both quite minor, and perhaps can be rectified in the MCU future. Firstly, Thor’s return to Earth (whilst brilliantly dramatic and pretty) was quite weak in terms of exposition. That said, this isn’t a Thor movie, so we don’t need to know everything that happens to him. Also, in next year’s Thor 2, it is very possible we’ll discover more specific details about the first few scenes of his return. Secondly, Loki’s army also came across to me quite weakly. In case we have any Marvel aficionados in the crowd, I won’t spoil it by telling you who they’re supposed to be, but in general the whole army was essentially a meat shield used to bump out scenes in which The Avengers get to kick ass. A very enjoyable part of the film, but one that doesn’t really drive the story at all.  I feel the only way I can adequately describe just how much you need to see this movie (in cinemas) is this: For those of you who understand me, you will be know and be aware of just how much I fucking hate the concept of Blu-Ray. I am going to buy a Blu-Ray player, a HD television, and Blu-Ray discs, just so that I will get more special features when The Avengers is released. Never have I even considered doing such a thing before.  The Avengers doesn’t get into your mind and rape it in the best way possible like Revolver or Donnie Darko. It doesn’t get into your guts and turn them with nostalgic violence like the brilliance in Doomsday or Outpost. It gets into your heart, and leaves you not just wanting, but needing more. Long live the MCU!  90%  -Gimly",9.0,positive,positive,positive,positive
The Avengers,"Science Fiction, Action, Adventure","One of the few movies to actually make me feel like a kid again, Joss Whedon was the perfect filmmaker to do this film. Everyone gets their time to shine. The script juggles every plot point and character moment with clarity and ease. It's funny, smart, and visually jaw dropping. Definitely lived up to the five movie hype.",8.0,positive,positive,positive,positive
The Avengers,"Science Fiction, Action, Adventure","I give this 10 Stars based on it being not only better than the trailer and the hype made me thing it would be, but also that it was the first time anything the size and scope of the Marvel Cinematic universe was pulled off successfully. Having Joss direct this movie lives and dies on character interaction. This movie is on the definitive list in my opinion even just for that.",8.5,positive,positive,positive,positive
The Avengers,"Science Fiction, Action, Adventure","Everything that's happening, the things that are about to come to light, people might just need a little old fashioned.  The Avengers (AKA: Avengers Assemble) is written and directed by Joss Whedon, with Zak Penn co-writing the story. It stars Robert Downey Junior, Chris Evans, Mark Ruffalo, Chris Hemsworth, Scarlett Johansson, Jeremy Renner, Tom Hiddlestone, Clark Gregg, Samuel L. Jackson, Cobie Smulders and Stellan Skarsgard. Music is scored by Alan Silvestri and cinematography by Seamus McGarvey.  Asgardian outcast Loki (Hiddlestone) has struck a deal with the Chitauri to exchange the Tesseract for an army with which he can attack Earth and thus control it. With the Earth in mortal danger, S.H.I.E.L.D director Nick Fury (Jackson) activates the Avengers Initiative; a collection of super heroes and deadly assassins who, if they can actually come together as one united force, hold the fate of the Earth in their hands.  I have no real frame of reference with The Avengers comic book world, when I was young I read a bit of Spidey, Batman and was kind of partial to The Fantastic Four, but I really don't remember story lines and gave up reading that sort of stuff once sport and exams came into my life. I love movies and as I enter the later stages of my forties I'm pleased to say I have a wide range of film genre interests. I have very much enjoyed The Avengers solo films so far, with the exception of Iron Man 2 which quite frankly is average at best, but the reality is that if The Avengers failed as a movie, that Whedon got it so wrong, then I wouldn't be foaming at the mouth or proclaiming that the director be stripped naked and whipped around the streets of Hollywood! As it is, with one or two minor irks aside, The Avengers is about as much fun as I have had with a movie in quite a few years.  I wouldn't know if the makers got the essence right, or if the story is at one in the Marvel Avengers Universe, I just know that it is a right old blast and made a colossal amount of money at the box office, even trumping The Dark Knight Rises in that department. It's a film full of derring-do heroics, ripe witticisms, wonderfully staged action, simmering sexual tensions, ego collisions, charm, heart and splendid human interactions. It looks fabulous on Blu-ray, the art design, the colour photography and Silvestri's score rumbles like thunder and crackles like lightning, just as a super hero movie score should do. The cast performances are hugely enjoyable as they bounce off of one and other, feeding off the respective thespian energy with a knowing of the right tone to make this colourful comic book world be all that it can be. While Whedon, with a weight of expectation akin to Atlas holding the World on his shoulders, comes through with flying colours with astute pacing and an impressive marshaling of an acting army.  Flaws? Jackson's Nick Fury could have done with more screen time and Cobie Smulders is sadly short changed as well. The Chitauri are only really a threat because of their sheer numbers, not because of any great alien design, and, well, The Hulk CGI hasn't really advanced much from the 2008 version, but really these are small itches rather than big ones. Is The Avengers the best film of 2012? It will be seen as such for many fans of the source(s) who have waited with baited breath for this coming together of their heroes, and that notion really shouldn't irk the more highbrow film fans out there. Me? No it isn't the best film of 2012, but as I found my self perched on the edge of my seat as the finale unfurls in a wave of explosive heroic energy, and I caressed my ribs from laughing out loud, I knew then that undoubtedly The Avengers is the most fun film of 2012. 9/10",9.0,positive,positive,positive,positive
The Avengers,"Science Fiction, Action, Adventure","Probably only my third time watching and still a really entertaining action film with good banter amongst the Avengers and the team-up in the third act really work well. The whole banding together with the death of Agent Coulson still doesn't feel right, good character but didn't think he was so beloved to be a catalyst for them. Minor point just something that stood out then, and now. Also a bit hollow given, IIRC, was alive and well for the Agents of SHIELD TV series... **4.25/5**",8.0,positive,positive,positive,positive
The Avengers,"Science Fiction, Action, Adventure","The last hour is a lot of fun, but I found the opening chunk disappointing.  I was expecting wall-to-wall action, pretty much from the start - especially given the forces that join together. However, I felt the first half of <em>'The Avengers'</em> as slow. What also didn't help is that the villain, carried over from a preceding MCU film, isn't super interesting - we also don't see the antagonist's earlier film counterpart for a fair few scenes, which felt too delayed.  The last half is much better, which allowed me to enjoy myself properly. Robert Downey Jr., while not as entertaining as he is on his own, brings goodness, as do the likes of Chris Evans and Chris Hemsworth.  I'm not a big fan of recasts, though Mark Ruffalo as Hulk is a positive one; even if that took a bit away from the novelty of all the superheroes joining, given we hadn't seen Ruffalo himself before. Added to Scarlett Johansson's Black Widow, at least in terms of the film franchise, getting major screen time out of nowhere - having been a bit part character in her debut MCU appearance.  The music is noteworthy, while everything looks brilliant. Overall and in short: It's a fun, good action film - I just expected greater.",7.0,neutral,neutral,neutral,neutral
The Avengers,"Science Fiction, Action, Adventure","I have to say that the furore surrounding this film had pretty much doomed it to failure in my book. The Marvel marketing machine had gone into over-drive plugging it, so no way could it be any good. Well, it is good. Not great, but it is good. The compendium element of the storyline pits all of the superheroes against the mischievous ""Loki"" (a cute, curly haired, Tom Hiddleston) whom, together with his army of extraterrestrial henchmen, is bent on taking over the world... well, of course he is... The writing is nothing special at all, but who cares? The visual effects are great and each of the characters gets their moment in the sun as they work to thwart our Tom's even plotting. Robert Downey Jr. Steals the show as engineering genius ""Tony Stark"" with Scareltt Johansson and Chris Hemsworth - and his trusty hammer - on great form too. I'm afraid I find the whole ""Capt. America"" character so nauseatingly wholesome that even Chris Evans in his spray-on lycra cannot do anything other than put me firmly in the baddies camp right from the get-go. On the downside, Mark Ruffalo tries hard with the rather limited opportunities offered him as the rather dull ""Hulk"", and Clark Gregg continues to prove he must be one of the luckiest actors alive to have alighted on this franchise - he is hopelessly wooden as ""Coulson"" but as a piece of fast-paced fantasy entertainment this film takes some beating (""Star Wars"" notwithstanding). It is too long - the fight/chase scenes can get a tad recycled and repetitive after a while but it all builds well to a fitting crescendo that did make me wonder whether the impeding alien invasion may have ended up causing less damage than the saviours of mankind did! No point watching if you're not up for a complete suspension of reality - this is a top class adventure with loads of quirky characters, a bit of humour, plenty of fisticuffs and even a bit of Schubert!! Great stuff!",7.0,positive,positive,positive,positive
Spider-Man,"Action, Science Fiction",Sam Raimi's Spider-Man captures the spirit of the comic book hero and it's still one of my all time favourite superhero movies. It lays out the perfect blueprint for a superhero origin story that I love revisiting every year or so. I've always been able to relate to Peter Parker growing up. Tobey Maguire and Co. delivered a great interpretation of the characters in a way that still can not be matched.,9.0,positive,positive,positive,positive
Spider-Man,"Action, Science Fiction","Tobey Maguire was always going to have a tough task revitalising this franchise - but I think he has done a decent job here. The geeky, shy, young ""Peter Parker"" bitten by a genetically-modified spider that endows him with superhuman powers, decides to use his newly-found prowess for good. Dressed only in a pair of loosely converted pyjamas, he polices the streets at night apprehending thugs and petty criminals whilst during the day he remains the butt of jokes and pranks at school - usually at the hands of school heart-throb/dim-wit ""Flash"" (Joe Manganiello). He is best friends with ""Harry"" (the handsome, but pretty ineffective James Franco) who is not only the son of mega-rich scientist ""Norman Osborn"" (Willem Dafoe) but who is also dating his own dream girl ""Mary Jane"" (Kirsten Dunst). When his board try to take the ""Osborn"" company away from him, Dafoe starts experimenting with drugs that transfer him from a megalomanic scientist into - well a megalomanic ""Green Goblin"" - and it falls to ""Spidey"" to save the city and, of course, get his gal. Maguire is engaging in this, he has a glint in his eye and he enters into the spirit of this light-hearted fantasy adventure well. The writing is good in places, if a little too earnest at times, and the visual effects work well. They don't overwhelm the acting - maybe because the spider skills are inherently a little less showy - and this allows the story to focus more on a few engaging characterisations. JK Simmons is good as newspaper editor ""Jameson"" and there are a few nice cameos scenes from Cliff Robertson and Rosemary Harris as his uncle and aunt. Sam Raimi has kept the pace tight, there is plenty of action peppered with some humour, some ham from Dafoe and a decent amount of scary science to keep this moving along well for two hours.",7.0,positive,positive,positive,positive
Spider-Man 2,"Family, Comedy, Animation, Adventure","This movie came out when I was three. Now I'm twenty seven and the goddamn thing still holds up.  _Final rating:★★★★ - Very strong appeal. A personal favourite._",8.0,positive,positive,positive,positive
Spider-Man 2,"Family, Comedy, Animation, Adventure",Decided to revisit this after many years and still holds up so well. Great movie for both kids and adults with wonderful teachable moments. Just a groundbreaking animated movie all around. **4.5/5**,9.0,positive,positive,positive,positive
Spider-Man 2,"Family, Comedy, Animation, Adventure","A stunning feature film entrance from Pixar! <em>'Toy Story'</em> is a true delight, from the first second to the last.  The CGI animation is excellent. All the toys look brilliant, as does the world itself - I love the feel of it. The music is very good, Randy Newman does a nice job - ""You've Got a Friend in Me"" is a cracker.  Tom Hanks leads a strong cast. Hanks plays Woody, to fantastic effect. He is the best part of this film. Tim Allen is great, too, as Buzz Lightyear. Don Rickles (Mr. Potato Head), Wallace Shawn (Rex) and John Ratzenberger (Hamm) also bring fun.  Everything else is just as terrific: the humour, the pacing, the plot - I enjoy it all. There are probably some flaws in parts, namely Buzz's supposed unawareness, but nothing impacts the viewing experience. Go watch!",10.0,positive,positive,positive,positive
Spider-Man 2,"Family, Comedy, Animation, Adventure","Every now and again when you watch antiques programmes on television and somebody turns up with a toy in it's original box - that turns out to be worth more than his car - I regret that I no longer possess any from my childhood. I do recall, however, being especially fickle - the favourite one day was never likely to reign long before being supplanted by another. That's the case here for cowboy ""Woody"". He is the favourite of owner ""Andy"" amongst, it has to be said, rather a lot of different ones. Until, that is - one birthday, we meet Space Ranger ""Buzz Lightyear"". He's actually quite an affable chap, but the green eyed monster is now in charge and ""Woody"" tries to relegate his successor down the side of the bed. That goes wrong and, accidentally, out of the window he goes. The other toys are horrified, leaving ""Woody"" with no option but to get over his laser envy, rescue his new rival and repatriate him before the whole family move to a new home! What now ensues are some fun escapades, near misses and they fall into the hands of another young boy who really does want to blast ""Buzz"" into space. The vocal talents of Tom Hanks and Tim Allen are enthusiastic and entertaining, those of Don Rickles (""Mr. Potato Head"") sometimes a little nearer the bone for the grown ups and they are all helped along by a good soundtrack and a wittily written script offering us plenty of scenarios that draw the viewer (of whatever age) into this simple, pretty timeless story. It's interesting, for 1995, to note the wide variety of toys this young boy has, too - no gender stereotyping, which is quite refreshing. This is quickly paced and enjoyable animation that touches on the values of trust, companionship and team spirt - as well as the demerits of envy and selfishness - and I really enjoyed it.",7.0,positive,positive,positive,positive
Thor,"Adventure, Fantasy, Action","**A long format review from 2011**  So, Thor has only been out for a week and a half, and already it’s grossed $100 million! Pretty fucking good considering it hasn’t even been released in America yet, where like, every movie ever makes most of its money. As you may have guessed, yes, I did finally get around to seeing le Thor, hence the delay in my review of The Incredible Hulk. But know what? Fuck you man! I just watched fucking Thor!!  So in case you couldn’t guess, I was rather damn impressed with it all. Why? Well boys and girls, strap your tolerance boots on, this one could get long.  The Computer Graphics were some of the best I’ve ever seen. Now I’m not one to believe that CGI is the sort of thing that could make or break a film, but having it be this fantastic goes quite a ways to helping out. I also was unfortunate in my having to watch it in 3D, and yet it was worth it. This is a pretty big statement from me. I despise 3D… I even walked out of the cinema not feeling nauseous. A tad headache-y sure, but that was it. So congrats Thor.  The comic relief was powerful. In that “funny but not silly” kind of way. I mean, it’s all a bit silly, but it would have been so easy to fall into the cheesy trap with this film. The writing team and director Kenneth Branagh (The Boat that Rocked, Sleuth, Hamlet) did a fantastic job of keeping the audience engaged  and not descending too far into shameless, lame, self-parody.  The characters of the film were written almost as strongly as they were in Iron Man 1 & 2, not quite, but they did have quite a number more to work through, so they couldn’t work with everyone as well as they did with Tony Stark and Pepper Potts. They also managed to totally pull off an American movie with romance and comedy, in a way that totally avoided those awful American Romantic Comedies (my least favourite genre in the history of ever).  There’s this whole thing where Thor comes from another world. Which was after all really the only way you could bring a God into the Marvel Cinematic Universe, which has been so grounded in reality. And I’ll tell you, Asgard (Thor’s home planet) was fucking great. They pulled off this crazy similarities in appearance between family members on Asgard, despite the fact that none of the actors are related. You may disagree with me on inspection of posters and whatnot, but after seeing the movie, you’ll get what I mean. Also the actors they got to play the younger Loki and Thor were eerily believable. Like, to an actually kind of scary point. I wonder if any of it was fake… The Frost Giant homeworld of Jotunheim is also visually stunning.  The sound effects were very confronting. I couldn’t really figure out if I though this was a good or a bad thing… It’ll be interesting to rewatch on DVD, and see if it was only so crazy because of the speakers in the theatre. Thor may have lacked the wholeness as a film felt by Iron Man 1 & 2, or The Incredible Hulk, but it was perfect as a lead up to The Avengers, which, now that it’s all set in stone, is really kind of needed. With Thor more than the other heroes it’s the most important, because there was really no way to humanise that sort of character, he’s just so outlandish that you really need an entire film just to ground him in this world they’re developing.  But all of the things I’ve had to say about the film were basically leading up to this one big thing; the cast! The cast was incredible, not only did they manage to snag a total of THREE of my favourite underrated actors ever, one of them just so happened to my favourite actor in the whole wide world, Ray Stevenson!  We have Australian (fuck yes Australia!) Chris Hemsworth (Home and Away [Hey! We all have to start somewhere, right?], A Perfect Getaway, Ca$h, Cabin in the Woods) playing Thor, Natalie Portman (Black Swan, V For Vendetta) playing Thor’s love interest; Jane Foster (lots of people have started having a problem with Natalie Portman nowadays, but I still love her), Anthony Hopkins (The Rite, The Wolfman, Beowulf, Red Dragon, Hannibal, The Silence of the Lambs [Yes, this is the same guy who played Hannibal Lecter. I fucking know, right!?] Bram Stroker’s Dracula) as Thor’s father; Odin, Stellan Skarsgard (King Arthur, Exorcist: The Beginning, Beowulf & Grendel, the Pirates of the Caribbean series, Angels & Demons) as Dr. Erik Selvig; Jane Foster’s mentor, Ray Stevenson (Rome, King Arthur, Outpost, Punisher: War Zone, The Book of Eli) as Thor’s friend, and member of the Warriors Three (above); Volstagg, Jeremy Renner (S.W.A.T., The Assassination of Jesse James by the Coward Robert Ford, 28 Weeks Later, The Hurt Locker, The Town) as Hawkeye; the S.H.I.E.L.D. sharpshooter, and Samuel L. Jackson (The Exorcist III, Jurassic Park, Jackie Brown, Shaft, Pulp Fiction, the Star Wars prequel trilogy, S.W.A.T., Snakes on a Plane, 1408,  Cleaner, The Spirit, Inglourious Basterds) as S.H.I.E.L.D. Director; General Nick Fury… And those are just the actors I already adore.  I’ve now also grown quite attached to Tom Hiddleston (Wallander) who plays Loki, Thor’s brother, and the main antagonist, as well as Joshua Dallas (Doctor Who and The Descent Part II) who plays another of the Warriors Three (above), and Kat Dennings (Nick and Norah’s Infinite Playlist and Defendor) who plays D’arcy Lewis; Jane Foster’s friend and colleague.  As I always like to say, I watched this film in a theatre (Belcompton, shit, uh, Belconnen, Hoyts to be specific). I really think this film has lasting value, but it’s important to note that I almost always feel a film is enhanced when watched on the big screen, especially with Action films, effects films, epic films and franchise films. Thor happens to be all of those things. I was especially excited waiting for the post-credits scene to come up in that huge cinema. So please take into consideration that I reviewed this on the silver screen, if you happen to be watching it on DVD or BluRay or some such. Because you better of not fucking downloaded it!!  Damn scum…  80%  -Gimly",8.0,positive,positive,positive,positive
Thor,"Adventure, Fantasy, Action","I was surprised to see Kenneth Branagh directing a big budget comic book film, but as the film continued to explore a Shakespearean tale between two brothers feuding, the relationship with their father, and a coming of age love story, I realized this is exactly the kind of movie Kenneth Branagh would make.  I really enjoyed Thor. It was funny, exciting, and different from the usual superhero ilk. And it definitely got the MCU back on track after the dismal Iron Man 2.",7.0,positive,positive,positive,positive
Thor,"Adventure, Fantasy, Action","Probably the third time I've seen this (and first in 7-8 years) and it's a solid enough origin movie, Chris Hemsworth is a great in the lead and I liked Anthony Hopkins. Wasn't a big fan of Loki and still didn't care much for him, though Tom Hiddleston played him well enough (I liked him more in Ragnarok than in The Dark World and Avengers).  Generally I like Natalie Portman but she was a bit of a weak love interest and everything else, was on the blander side. My feelings on this MCU movie pretty much remained the same all these years later. **3.25/5**",7.0,neutral,neutral,neutral,neutral
Thor,"Adventure, Fantasy, Action","Kinda similar to how I feel about the two films that precede this in the MCU. <em>'Thor'</em> is a good, solid watch.  It fails to set the world alight, so to speak, but there's entertainment there. It's my personal standout of the three films since <em>'Iron Man'</em>. I enjoyed seeing the world of Asgard, though the stuff on Earth is a little run-of-the-mill.  Chris Hemsworth is enjoyable and looks the part as Thor, while Tom Hiddleston plays his role more than satisfactorily. Cool to see Idris Elba appear, even if he is underused in the grand scheme of things - as are Stellan Skarsgård and Natalie Portman in truth.",7.0,positive,positive,positive,positive
Thor,"Adventure, Fantasy, Action","Coming as it does from easily the most interesting of the mythological Pantheons explored by Marvel, this is my favourite from their catalogue. Sir Anthony Hopkins (""Odin"") presides over Asgard with his sons ""Thor"" (Chris Hemsworth) and ""Loki"" (Tom Hiddleston). The former is a bit wayward, but has his heart in the right place; the latter is a bit of a devious schemer whose machinations cause his elder brother to be cast into ""Midgard"" (where we live, basically). It is there - devoid of his strength and his famous hammer (Mjölnir) that he alights on a team of scientists led by the eccentric ""Selvig"" (Stellan Skarsgård) and ""Jane"" (Natalie Portman) and sets about regaining his power and returning home before his brother wrecks everything... I was surprised to read that Sir Kenneth Branagh was going to direct this - but he actually does a thorough job. The film is full of action, is well paced and both Hemsworth and Hiddleston have enough depth to their characters to keep this from just becoming another good looking fight-fest. The story is darker, there is more of a sense of menace throughout too - and that reflects the more mature approach taken by the director to give us an adventure film with just a bit more substance to it. The script has humour, especially for Skarsgård and Hemsworth and Sir Anthony has a sagely imperiousness to hold the threads together before a strong conclusion with just the tiniest hint of romance. Great visual effects and yep, I enjoyed this.",7.0,positive,positive,positive,positive
Thor,"Adventure, Fantasy, Action","THOR remains one of the MCU's most visually magical entries, introducing audiences to the grandeur of Asgard with a sense of wonder the franchise hasn't quite replicated since. The vibrant colors, sweeping landscapes, and Patrick Doyle's epic score make this first off-Earth adventure feel immersive and cinematic, with moments like crossing the Bifrost or Thor's rain-soaked attempt to reclaim Mjölnir standing out as genuinely awe-inspiring. Chris Hemsworth, Tom Hiddleston, and Anthony Hopkins bring emotional weight to intimately powerful dialogue scenes, while Kenneth Branagh's theatrical eye knows exactly when to dial up the visual flair for maximum impact.  Thor's journey from arrogant, battle-hungry prince to selfless protector remains a textbook redemption arc done right, with his relationship with Jane Foster (Natalie Portman) ranking among the MCU's most heartfelt romances. Hemsworth and Portman share genuine chemistry, their exchanged glances carrying the excitement of first love. Supporting characters like Darcy (Kat Dennings), Erik Selvig (Stellan Skarsgård), Sif (Jaimie Alexander), and the Warriors Three serve their narrative purpose well - sidekicks who meaningfully impact the hero's growth without overshadowing him. On the other side of the spectrum, Loki's arc is equally compelling - his struggle for identity, belonging, and love makes him one of the MCU's most enduringly complex antagonists.  THOR blends myth, humor, and heartfelt character work into a thoroughly entertaining origin story - one worthy of the gods.  Rating: A-",8.0,positive,positive,positive,positive
Thor,"Adventure, Fantasy, Action","This is one of my favorite movies of all time! It is funny, has action, romance and ties our history to ancient civilizations very well. There are amazing actors who are hillarious and work well together, and with a solid story it makes this one for the history books. I love sci-fi and fantasy and this one checked all my boxes.",9.0,positive,positive,positive,positive
Interstellar,"Adventure, Drama, Science Fiction","Well, one off from two of this year's most expected movies alongside 'The Battle of Five Armies'. Like all the Chris Nolan fans, I was equally excited to see the movie on the opening day opening show. But I slightly disappointed that it was not a digital 3D film. I agree, this science-fiction was more dramatized than usual space travel stories does with an adventure-thriller. Almost a 3 hour long stretch movie did not waste much time to take us to the core of the story. Get prepared for this extremely rare voyage into the space with a logical explanation for everything you see on the screen. Well done research for the most matured and intelligent writing. All the credit must go to Nolan brothers. A good sign from Jonathan Nolan, who can make big in the entertainment industry in a future like his brother.  As we know many had liked 'Inception', to me that was a simple multi-layered action movie, that's all. But the same stuffs that used in this film makes sense. In fact, you have to have a little knowledge over how the universe works, so then it will be easy to catch the scene and situations while watching the movie. Totally like a documentary style concept, but with the additional stuffs like characters and its emotions add flavor that gives a movie look. An educational movie, though it also can work for those who wants just entertainment. Only the slow movie pace would test their patience.  It all begins like Shyamalan's 'Signs' movie with a family living surrounded by corn field. Then switches to 'The Astronaut Farmer' and going through 'Gravity', finally meets the 'Inception'. It was just a reference to call the movie setting that brings constant change for every half an hour. Like the opening scene and the end scene had over a 100 years difference.  As I earlier said it was the story of a family alongside the future of humankind and decoding universal mysteries through travelling in space and time. This movie would a reasonable for those who thought '2001: A Space Odyssey' is a boring piece, Cleverly written cinematic piece especially for science geeks. I don't know how perfect the movie to the actual present astrophysics, but will justify for the common people's capacity of understanding with an encourageable amount of commercial elements in it to entertain as well.  The first three quarters of the movie was well made. It puts me in a unblinkable position like a story was narrated by Brian Cox in a television series. Like I said, lots of astrophysics involved in it, but strangely human emotions were also exhibited equally that I never expected one from Nolan film. It was not an ordinary sentiment, but was strong enough to make a man cry for happy and sad situations in the movie. I liked science and emotion coming together. In fact, it saved the movie, otherwise it would have been a science documentary straight from NASA production through Nolan direction.  There are many surprise elements in the movie and of course there is a twist at the end. We can call it a series of twists like the layers. Compared to last quarter of the movie to the rest, it completely detaches which opens broadly to the different directions. And that happens so fast rushing towards the other end. Which give an impression of the movie 'Inception'. In a perfect way to say the first 75% was 'The Tree of Life' and the remains are 'Inception'.  ‘‘This world's a treasure, but it's been telling us to leave for a while now.’’  All the actors were so good. Matthew McConaughey steals the show as he dominates the majority of the screen space in the story presentation. There's no ruling out the fine performance executions from Anne Hathaway and the young star from the Twilight movie, Mackenzie Foy. The remaining cast was having less scope which were like the guest appearances that was widened a little broader, but was perfectly fitted for the story. Especially Matt Damon's was the crucial one.  Remember the movie 'Contact', a lovely movie, which was ruined by its fictional ending. Something like that happened in this film as well. The story was initiated with a realistic approach with actual scientific contents as per the present understanding about the universe. But the end was let me down with the layered contents that kind of impossible to agree with it. As a cinematic theme it worked, yeah, a good solution for this wonderfully written story. We know that the time can't run backwards, so that's the trouble.  Anyway, this movie defines in a new way, I mean scientifically the existence of ghost. It was not a horror movie, but I liked supernatural force that merged with this science fiction theme. That explains and gives vast ideas to expand our physics beyond something and somewhere yet to reach. Hats off to the director, because he was not thinking of making money here. His idea was to implement what the humans are understood so far about the cosmos. And he very nicely transformed those into the silver screen with the blend of human emotions. In my opinion, this will replace '2001: A Space Odyssey' for sometime till another one make this way.  I could have not asked a better space travel drama than this, especially when I heard Nolan doing a science-fiction I believed he gonna rock it. He was so true to the science and the human feelings in this film. If you had seen enough movies before like this one, you can recall your memories like the Tom Hanks parts from 'Cloud Atlas'. But still independently stands strong and falls in a never seen before category.  ‘‘Maybe we've spent too long trying to figure all this out with theory.’’  The end scene leaves a hint of a possible sequel. I would be happy if that happen in a near future, but definitely that would be a completely different cinema as per how this one ended. I know his fans want that to happen and so am I.  The visuals were not that great, but simply very good. To see those in digital 3D would have given us a different experience, sadly Nolan was not in favor of that technology. Hoping this movie would get as many as the Oscars nod. Especially not getting into the best motion picture shortlist would be a shame. Like I said I'm no one fan, I just love watching everyone's every movie. I would have went to see it again if it was converted into digital 3D, since I'm modern tech geek when it comes to the films.  It will become a talk of the week, perhaps month all over the world, so don't leave behind when your friends talk about it. What I gonna say is it is a must see asap if you are a movie fanatic like me otherwise Nolan movies does not need anyone's recommendation because his movies usually sell itself like the hot samosa.",9.0,positive,positive,positive,positive
Interstellar,"Adventure, Drama, Science Fiction","People seem to think that if you enjoy a Christopher Nolan movie, you are a fanboy and the film couldn't really be that good. That is not true. He has never made a bad movie, Insomnia is probably his worst and it is still an excellent movie.  Interstellar is up there in his top 3, with The Dark Knight being number 1 and Inception in number 2. I don't think he will ever make a better movie than The Dark Knight, it is without a doubt a masterpiece of cinema in my opinion. It can be enjoyed on so many levels. I remember seeing Interstellar in the movie theater and being on the edge of my seat the whole time. It was breathtaking but the end left me confused so i walked out disappointed.  Since then i have watched it many times but it only took a second viewing to realize what a great ending it is and here is why. How many people discuss the end, was the wormhole open or closed for him to make it to Brand, what happens next, is there a sequel. I discuss this with people who hate the movie and the debate will still last a good 30 minutes if not more without getting heated. It is a wonderful story told through the eyes of a genius film maker who deserves more than he receives, an oscar would be nice start. I read hat his next movie is to be released in July 2017, I can't wait to find out everything about it like i have since he began. If you're unsure about Christopher Nolan, watch his career from the beginning starting with Doodlebug.",9.5,positive,positive,positive,positive
Interstellar,"Adventure, Drama, Science Fiction","Another grandiloquent movie from Christoper Nolan.  The cast is good, and McConaughey performs a role made for himself. The photography is very nice but the movie commits all the same mistakes than previous Nolan's movies. I think mistakes but it may be that they are the points Nolan fans enjoy the most ...  * The story makes you believe it is a realy deeply thought plot but, in the end, it has so basic mistakes and stupidities that make it nonsensical. * There is a general ambience of every moment being epic; deep, solemn and smart dialogues but, at some point our highly trained engineer and pilot behaves really stupidly. * To keep the mentioned constant feeling of being in an epic moment, Nolan uses a thumping and insistent soundtrack. As it is not a moment, but a 3h movie, it is really tiresome.  All in all, the movie is OK but you can only think this is a great movie if you are a real Nolan fan.",7.0,neutral,negative,negative,negative
Interstellar,"Adventure, Drama, Science Fiction","""Man kind was born on earth, it was never meant to die here.""  IT has been two days since I watched it and I still can't get it out of my head. I can safely say that it has been a long LONG time since a movie had this much effect on me after watching it. And the only thing I can think of now is to somehow Re-Watch it again.  This movie was surprisingly different from Christopher Nolan's recent works because they had been great cinematic entertainment pieces catered to a wider audience with a blockbuster approach, this certainly didn't felt like that and hence the polarizing response it got. It is an ambitious project that is not meant to merely entertain, walk into it knowing that. I'll say this though, If it works for you, you'll be in heaven.  The premise of the movie is that Earth is no longer capable of supporting humans on it, we must find a new home to avoid extinction. This scenario is told from a very personal perspective and not from a Global scale like some sort of apocalyptic catastrophe disaster film. At the core of the movie is the Father-Daughter relationship. The movie takes its sweet time to develop it too.  Mathew McConaughey, not surprisingly, gives an amazing performance as the main lead. He really carries the film, some scenes were very emotional due to his great performance. The rest of the cast does a great job as well, especially the Daughter played by Meckenzie Foy. The One character that I never expected to be great was the robot TARS. He also acted as the source of the humor in the movie, well executed, timely and grounded.  Interstellar tackles a lot of themes, Survival, Humankind, Love, Time etc, out of which 'Time' had the biggest impact on me. With relativity being a big part in the film, the whole sequence about it just struck me very deeply and I found new respect for Time. I'm actually at a loss of words to describe it. Also, there is a lot science in it so it can be confusing for many and in Nolan's tradition, it also has twists and mind numbing ending, where the more you think about it, the more numbing it gets.  The visuals of this movie are breathtaking. Great cinematography and CGI. The depiction of wormholes and blackholes and other space entities were the best I have ever seen. They just suck you into the movie. Along with that, you get to listen to one of Hans Zimmer's best scores. The score not only felt personal, going perfectly with the movie, but also different from his recent works. There were times where combination of epic photography and soundtrack made the scenes timeless, like I was completely sucked into it and didn't had a clue about my surroundings. I didn't want those scenes to end.  Alas, the movie was not perfect. My biggest gripe with it is that the pacing and editing was off at times. Some scenes dragged on while others were cut far shorter. The beautiful views of space could have definitely benefited from a few seconds longer onscreen time. Also, I wished there was more space exploration in it.  With all the remakes, rehashes, reboots and sequels we are getting in these times, it is great to see original gems like these. This movie is definitely one of this year's best, one of Nolan's best work and one of the best movie I have seen in recent years.  9.5/10",10.0,positive,positive,positive,positive
Interstellar,"Adventure, Drama, Science Fiction","This was my most anticipated film of 2014, and I was not disappointed.   The story was slightly difficult to follow on the first watch, but that was to be expected in a film dealing with complicated fields such as astrophysics and time dilation. Many didn't find its overall message - that love is the most powerful force in the universe which transcends space and time - to be very appealing, but I thought it was an interesting take on special relativity and how two people can be bound by a common feeling, even when they're in different parts of the universe at different times. I also thought the acting was believable, for the most part, and I didn't think anyone was miscast. I enjoyed the surprise appearance from a certain famous actor about halfway through.  But what really blew me away were the visuals and the soundtrack. I believe it was Quentin Tarantino who once said movies and music go hand in hand; that a moving image complimented by the right piece of music can create art. Well, the visuals in this film, which took my breath away, and the score, which perfectly captured the 'feel' of the cosmos and all its wonder, proved him right. I think this was Hans Zimmer's best work yet, and although I'm not Christopher Nolan's biggest fan, I will continue to follow his work if he can pull off more movies like this.   My only regret was not seeing this film in IMAX.  10/10",10.0,positive,positive,positive,positive
Interstellar,"Adventure, Drama, Science Fiction","That this movie, at the time of writing this, holds an 8.8 rating at IMDb is simply beyond my understanding. Needless to say I did not really like this movie. The story is not very good, the science is ludicrous and the visuals not all that impressive. Maybe the latter would be better in a big theater (I watched this on my home cinema system which has a relatively large screen by European standards) but I am not really sure about that either.  Be warned that the rest of this review might contain a spoiler or two.  The movie starts of with the usual “I told you so” wet dream of the green fanatics on a dying Earth so it is off to a depressing start right away. That is an overused concept today as far as I am concerned. Then they pour it on with a school official claiming that he Apollo missions and moon landings never happened. What the f…? If they wanted to depress the audience right from the start they succeeded, at least with this audience.  The story proceeds with our heroes finding these gravity waves in the sand and by a huge stretch of imagination decrypts them to mean coordinates which leads them to the secret NASA base. Once there Cooper is told that he is their best choice of pilot for a “save the human race” mission through a wormhole. Yeah, right! This guy was former NASA. His whereabouts could hardly been unknown to them. If he was their best choice why would they entrust a mission to save the human race to someone else until he stumbled onto their door? Typical Hollywood nonsense!  The movie is full of this kind of rubbish. Romilly wastes 23 years of his life doing pretty much nothing except deciding not to go into the sleep capsule. The supposedly highly trained and vetted professor that they do find turns out to be a psychopath as well as and idiot almost blowing up the ship when trying to proceed with a docking that all the systems tells him have not succeeded. Then they proceed to dock with the main ship and stop its spin as well as bring it out of orbit around a planet with the shuttles engines. That is one hell of a powerful shuttle not to mention the strength of the docking mechanism! This just goes on. When someone is not doing something illogical or stupid (or both) they sit around talking, philosophizing and dragging the movie forward at snails pace. 169 minutes is way too much for this movie.  The movie ends up in one big time travel mess (okay they do not travel in time, just sends messages through time but still…) during a bunch of psychedelic scenes while traveling through the back hole. Science? Not so much. And what about this totally ludicrous massively illogical and inefficient robot design?  The one good thing I can say about this movie is that the performance of most of the actors, especially Matthew McConaughey, are quite good. For the rest, not my cup of tea.",4.0,negative,negative,negative,negative
Interstellar,"Adventure, Drama, Science Fiction","""Do not go gentle into that good night; Old age should burn and rave at close of day. Rage, rage against the dying of the light"".  The story is about a team of explorers undertakes the most important mission in human history; traveling beyond this galaxy to discover whether mankind has a future among the stars.  Christopher Nolan once said that 2001: A Space Odyssey was his all time favorite film and how he wanted to do a small tribute to he's next film. And then comes a movie called ""Interstellar"" that will put a smile on Kubrick face if he was alive today, because Interstellar is one of the best movie of 2014 and the best movie experience I've had at the cinema.  I saw this movie in IMAX and all through out this film I felt like I was in space floating around with Mconaughey and Anne Hathaway. I had that feeling that I was going deep into space just like are main character's, going deep into space just like the viewing auditions and me.  The visual effect's in this movie are some of the most stunning, beautiful and Jaw dropping effect's I've seen since 2001: A Space Odyssey. The performances were brilliant, The cinematography was breathtaking and hard to look away. The directing by Christopher Nolan and let me get this out there, this man is a true director; he knows cinema and knows how to interested people into seeing he's films and I'm still shocked that he hasn't won an Oscar yet.  Now most people or critics have said that last third of this movie ruined the movie for them, but I actually like the ending to the movie. It's new for Nolan because he always ends on a deep and cold note, but this movie didn't and I didn't mind it.  My only nick pick with the movie is some of the character's in this movie wasn't all that interesting. Matthew McConaughey, Anne Hathaway and Jessica Chastain are the only character's that to me were interesting and I cared for them, but the rest of the character's I didn't really care for.  Overall Interstellar is a mind-blowing movie with fantastic visual's, interesting story line and the movie will keep you interested till the end.",9.0,positive,positive,positive,positive
Interstellar,"Adventure, Drama, Science Fiction","I will not add another in depth review to the several I see here on this movie. Nor will I try to evaluate the accuracy of the science behind the plot. Apparently a physicist was involved who had veto power if the script wandered out of the realm of what is at least theoretically true or possible.  But I have never let inaccuracies get in the way of enjoying science fiction movies anyway, as long as the movie is entertaining and otherwise doesn’t insult my intelligence. In the movie Monsters, for example, I read that giant the aliens looking like octopuses could not have walked upright. Fair enough, but it is entertainment, not a documentary.  So the human story of Interstellar held my attention in spite of the length of the film, and despite the elaborate special effects, that story drove the movie and my appreciation of it. I have always liked good time travel movies as well, and theories of space and time come into play in Interstellar as well.  Oh, and I say it is entertainment rather than a documentary, but it is not light entertainment. If you want to give this movie a fair chance, give it your full attention. It is not Mars Attacks, where you can watch it while distracted by life and still pick up on  plot details.",9.0,positive,positive,positive,positive
Interstellar,"Adventure, Drama, Science Fiction","I've got to say I have been wanting to watch this film for a while now and well it's 2021 and it's a Saturday morning and damn, safe to say this is one of the best films I have ever watched in my life. loved everything about It. The creativity and intelligence put into this film is just mind-blowing considering the fact it is a 2014 film. This clearly shows that mankind will one day achieve the most unexpected and unthought discoveries. Love and respect to the director Christopher Nolan you are a legend.",10.0,positive,positive,positive,positive
Interstellar,"Adventure, Drama, Science Fiction","It opens my mind after I watched this movie. I have watched it twice to figure out everything on the movie. Basically, this is the movie talking about earth is not a good place to stay anymore. People have to go to space to find another homeland. It reminds me that we will be like them if we didn't care much on environment",9.0,positive,positive,positive,positive
Interstellar,"Adventure, Drama, Science Fiction","As humanity faces an existential crisis, farmer ""Cooper"" (Matthew McConaughey) and his family are fighting a losing battle against an environment determined to destroy what is left of their corn crop. Mystery arrives after a sand storm leaves some magnetic clues to a secret location inhabited by NASA scientists led by ""Brand"" (Sir Michael Caine) who manage to convince former pilot ""Coop"" to join a mission to go into space and, using a recently detected wormhole that he believes may have been deliberately sent to help mankind rescue itself, set off to find another home for us all. Leaving a seriously narked daughter behind, he accepts the mission and together with the daughter of ""Brand"" (Anne Hathaway) their perilous trek begins. This is a more solid sci-fi adventure from Christopher Nolan. Though it features doses of his usual time bending scenarios, for the most part it is an exciting action film with mishaps a-plenty as their mission sees danger at just about every junction. There is a decent chemistry between Hathaway and McConaughey allowing the characters to develop with some depth that helps to draw us into to their efforts. The visual effects are superb, it has TARS - a rather clunkily designed robot that proves a whizz when running and rescuing, and the ending has something of the Escher drawing to it. The narrative can be thought provoking offering quite an interesting series of choices, especially when Matt Damon (""Mann"") joins the story and begins to challenge their approach to just what ""humanity"" might actually be! A host of celebrated co-stars prop it up well. John Lithgow is effective as the patriarch of the family and Casey Affleck and Wes Bentley help diffuse the intensity of the principal relationship as the space-bound menace gradually accumulates. It's all but three hours long, and there is no denying that it hits a barren spell at times during the middle hour, but for my money this is a Nolan film that does not over-complicate itself and is as good a science fiction thriller as I've seen in many a year.",7.0,positive,positive,positive,positive
Interstellar,"Adventure, Drama, Science Fiction","What a cracker!  So glad to finally tick <em>'Interstellar'</em> off my theoretical list, took me far too long to get around to it but boy am I glad I finally have done - sensational film! The most obvious sign of that being the case is how the ~2hr30min run time goes by in an absolute flash... <em>*insert joke about it like being aboard Endurance here*</em>  I'm obviously not able to add anything new to what many, many others have already said gushingly about this 2014 flick, so I can only say I'm sure I agree with the vast majority of whatever praise this has received. As one would expect from Christopher Nolan & Co., it's incredibly well made, sounds amazing and looks out-of-this-world (ha!) stunning.  Matthew McConaughey puts in an incredible performance as lead, most notably nailing all of the emotion-filled scenes - not that I care about these things personally, but I'm shocked to see the lack of high accolades that came his way from this... he merited more! Aside from him, there are very good showings from the likes of Jessica Chastain, Mackenzie Foy and Anne Hathaway.  I will note one 'but', mind. I didn't love the bits at the end involving the dimensional tesseract, don't get me wrong at all it's still superb viewing... just a noticeable drop from all that preceeds it, which honestly simply says more about how outstanding everything else prior is really. I thought similarly about (the equally magnificent) <em>'<a href=""https://letterboxd.com/film/everything-everywhere-all-at-once/"" rel=""nofollow"">Everything Everywhere All at Once</a>'</em>, for example. In short: just a nit-pick, tbh.  All in all, phenomenal!",10.0,positive,positive,positive,positive
Interstellar,"Adventure, Drama, Science Fiction","Christopher Nolan's ""Interstellar"" (2014) isn't just a science fiction film; it's a cinematic experience that transcends genre boundaries. It's a breathtaking exploration of humanity's yearning for survival, the profound power of love, and the awe-inspiring mysteries of the universe.  The film's greatest strength lies in its seamless blend of a deeply personal story with cutting-edge scientific concepts. We follow Joseph Cooper (Matthew McConaughey), a former pilot turned farmer, who is chosen to lead a mission to find a new home for humanity. The film doesn't shy away from complex scientific ideas like wormholes, black holes, and the theory of relativity, but it presents them in a way that is both accessible and captivating. The scene where Cooper encounters his aged daughter while he himself remains relatively young is a poignant example of how the film masterfully intertwines science and emotion, leaving viewers pondering the nature of time and the enduring power of familial bonds.  ""Interstellar"" is not for the casual viewer. It demands attention, patience, and a willingness to engage with complex ideas. The film's pacing is deliberate, its visuals are stunningly immersive, and its themes are profound. It's a film that rewards repeated viewings, as each watch unveils new layers of meaning and scientific detail. The film's impact is further amplified by Hans Zimmer's haunting score, which perfectly captures the vastness of space and the weight of humanity's fate.  Nolan's direction is masterful, creating a sense of awe and wonder that is both captivating and emotionally resonant. McConaughey delivers a nuanced performance as Cooper, a man grappling with the weight of his mission and the sacrifices he must make. The supporting cast, including Anne Hathaway, Jessica Chastain, and Michael Caine, also deliver compelling performances that further elevate the film's emotional impact.  ""Interstellar"" is a film that stays with you long after the credits roll. It's a testament to the power of human ingenuity, the enduring nature of love, and the endless possibilities that lie beyond our planet. It's a film that reminds us of our place in the universe, and the profound interconnectedness of all things. For those who appreciate thought-provoking science fiction with a strong emotional core, ""Interstellar"" is an absolute must-see.",9.0,positive,positive,positive,positive
Interstellar,"Adventure, Drama, Science Fiction","""Interstellar"" is easily one of the best movies I’ve ever watched, definitely in my top 5 of all time. It’s a masterpiece that feels like every scene matters. Each moment carries an important message, whether it’s about love, sacrifice, or the endless curiosity of humans to explore the unknown. It’s not just a movie, it’s an experience.  The performances by the actors were amazing. Matthew McConaughey as Cooper really made me feel every bit of his emotions; his love for his kids, his struggle, and his determination to save humanity. Anne Hathaway also nailed her role, and Jessica Chastain, as adult Murph, was just perfect. Even the smaller roles added so much depth to the movie. It felt like everyone gave their absolute best.  Christopher Nolan’s direction? Flawless. You can see how much thought and care he put into every part of the movie. The production was top-notch, and the visuals of space were breathtaking. Even the robots, TARS and CASE, felt real and practical, not just fancy CGI. Fun fact: those robots were real models controlled by an actor, which is crazy to think about! The black hole, Gargantua, was also scientifically accurate thanks to physicist Kip Thorne, and it looked stunning on screen.  The soundtrack by Hans Zimmer deserves its own shoutout. The way he used the church organ and ticking sounds created a mood that’s unforgettable. It felt like the music was alive and part of the story, pulling me deeper into every scene.  The movie also taught me things. I love how it’s based on real science, like time dilation and wormholes, but it doesn’t feel boring or like a science lesson. Instead, it made me curious and left me thinking long after it ended.  One thing that stood out for me is how the movie shows the power of love and connection. The relationship between Cooper and his daughter Murph was the heart of the story for me. It reminded me that even in the vastness of space, what truly matters are the people we care about.  ""Interstellar"" isn’t just about saving the world; it’s about what it means to be human. Watching it makes you think about big questions: Why are we here? What’s our purpose? And how far are we willing to go for the ones we love? It’s rare to find a movie that’s this entertaining, emotional, and thought-provoking all at the same time.  This is the kind of movie I could watch over and over again and still find new details to appreciate. It’s honestly hard to put into words how much I love it, but if you’ve seen it, you know what I mean. It’s a masterpiece that stays with you.",10.0,positive,positive,positive,positive
Interstellar,"Adventure, Drama, Science Fiction",Boring crap.,4.0,negative,negative,negative,negative
Interstellar,"Adventure, Drama, Science Fiction","This film is a wonderful piece of art that masterfully balances emotion with science. I really liked the way the story progressed; it begins by beautifully establishing the protagonist's deep bond with his kids and family. This emotional foundation makes his ultimate sacrifice—giving up his time with them for the sake of their future—all the more powerful.  At the same time, the movie is scientifically well-narrated and visually stunning. What makes it truly special is that it doesn't fit into just one box. It’s not completely a scientific documentary, not just a family drama, and not purely a suspense thriller. Instead, it has a perfect mix of all these elements. It is a thought-provoking journey that makes you think deeply while allowing you to simply sit back and enjoy the story as it unfolds visually.",10.0,positive,positive,positive,positive
Shawshank,"Drama, Crime",very good movie 9.5/10 محمد الشعراوى,9.0,positive,positive,positive,positive
Shawshank,"Drama, Crime","Some birds aren't meant to be caged.  The Shawshank Redemption is written and directed by Frank Darabont. It is an adaptation of the Stephen King novella Rita Hayworth and Shawshank Redemption. Starring Tim Robbins and Morgan Freeman, the film portrays the story of Andy Dufresne (Robbins), a banker who is sentenced to two life sentences at Shawshank State Prison for apparently murdering his wife and her lover. Andy finds it tough going but finds solace in the friendship he forms with fellow inmate Ellis ""Red"" Redding (Freeman). While things start to pick up when the warden finds Andy a prison job more befitting his talents as a banker. However, the arrival of another inmate is going to vastly change things for all of them.  There was no fanfare or bunting put out for the release of the film back in 94, with a title that didn't give much inkling to anyone about what it was about, and with Columbia Pictures unsure how to market it, Shawshank Redemption barely registered at the box office. However, come Academy Award time the film received several nominations, and although it won none, it stirred up interest in the film for its home entertainment release. The rest, as they say, is history. For the film finally found an audience that saw the film propelled to almost mythical proportions as an endearing modern day classic. Something that has delighted its fans, whilst simultaneously baffling its detractors. One thing is for sure, though, is that which ever side of the Shawshank fence you sit on, the film continues to gather new fans and simply will never go away or loose that mythical status.  It's possibly the simplicity of it all that sends some haters of the film into cinematic spasms. The implausible plot and an apparent sentimental edge that makes a nonsense of prison life, are but two chief complaints from those that dislike the film with a passion. Yet when characters are this richly drawn, and so movingly performed, it strikes me as churlish to do down a human drama that's dealing in hope, friendship and faith. The sentimental aspect is indeed there, but that acts as a counterpoint to the suffering, degradation and shattering of the soul involving our protagonist. Cosy prison life you say? No chance. The need for human connection is never more needed than during incarceration, surely? And given the quite terrific performances of Robbins (never better) & Freeman (sublimely making it easy), it's the easiest thing in the world to warm to Andy and Red.  Those in support aren't faring too bad either. Bob Gunton is coiled spring smarm as Warden Norton, James Whitmore is heart achingly great as the ""Birdman Of Shawshank,"" Clancy Brown is menacing as antagonist Capt. Byron Hadley, William Sadler amusing as Heywood & Mark Rolston is impressively vile as Bogs Diamond. Then there's Roger Deakins' lush cinematography as the camera gracefully glides in and out of the prison offering almost ethereal hope to our characters (yes, they are ours). The music pings in conjunction with the emotional flow of the movie too. Thomas Newman's score is mostly piano based, dovetailing neatly with Andy's state of mind, while the excellently selected soundtrack ranges from the likes of Hank Williams to the gorgeous Le Nozze di Figaro by Mozart.  If you love Shawshank then it's a love that lasts a lifetime. Every viewing brings the same array of emotions - anger - revilement - happiness - sadness - inspiration and a warmth that can reduce the most hardened into misty eyed wonderment. Above all else, though, Shawshank offers hope - not just for characters in a movie - but for a better life and a better world for all of us. 10/10",10.0,positive,positive,positive,positive
Shawshank,"Drama, Crime",Make way for the best film ever made people. **Make way.**,6.0,positive,positive,positive,positive
Shawshank,"Drama, Crime","There is a reason why this movie is at the top of any popular list your will find. Very strong performances from lead actors and a story line from the literary brilliance of Stephen King (and no, its not a horror). Sufficient drama and depth to keep you interested and occupied without stupefying your brain. It is the movie that has something for everyone.",10.0,positive,positive,positive,positive
